
Insert into userpass values ('DILMAN','123');
Insert into userpass values ('Admin','123');
Insert into userpass values ('CPSC2030','CPSC2030');
Insert into userpass values ('123','123');

INSERT INTO CLIENT (CLIENT_ID,SINCE,NAME,ADDRESS) VALUES (101,'07-10-2014','Nola Barker','Ap #455-7590 Ac Ave Chilliwack BC V4B7W9');
INSERT INTO CLIENT (CLIENT_ID,SINCE,NAME,ADDRESS) VALUES (102,'11-29-2007','Quinn Martinez','Ap #922-9224 Dui. Road Burnaby BC V3B8W9');
INSERT INTO CLIENT (CLIENT_ID,SINCE,NAME,ADDRESS) VALUES (103,'02-25-2010','Denise Terry','P.O. Box 271, 8971 Sit St. New Westminster BC V3A7E5');
INSERT INTO CLIENT (CLIENT_ID,SINCE,NAME,ADDRESS) VALUES (104,'04-20-2011','Maite Boyd','9921 Gravida Avenue Port Coquitlam BC V3S2W9');
INSERT INTO CLIENT (CLIENT_ID,SINCE,NAME,ADDRESS) VALUES (105,'07-28-2009','Shay Walter','Ap #239-211 Natoque Rd. Surrey BC V4A7W8');
INSERT INTO CLIENT (CLIENT_ID,SINCE,NAME,ADDRESS) VALUES (106,'01-06-2013','Melyssa Montgomery','9923 Id, St. Chilliwack BC V3A7W7');
INSERT INTO CLIENT (CLIENT_ID,SINCE,NAME,ADDRESS) VALUES (107,'11-11-2013','Sebastian Byrd','706-6070 Duis St. North Vancouver BC V3A2W7');
INSERT INTO CLIENT (CLIENT_ID,SINCE,NAME,ADDRESS) VALUES (108,'04-25-2014','Autumn Paul','6086 Ultrices, Avenue Burnaby BC V3A7W1');
INSERT INTO CLIENT (CLIENT_ID,SINCE,NAME,ADDRESS) VALUES (109,'11-05-2014','Lester Evans','643-2621 Pede, St. Chilliwack BC V3A7X2');
INSERT INTO CLIENT (CLIENT_ID,SINCE,NAME,ADDRESS) VALUES (110,'05-15-2014','Margaret Hubbard','642-7214 Ut Avenue Chilliwack BC V9B7W9');
INSERT INTO CLIENT (CLIENT_ID,SINCE,NAME,ADDRESS) VALUES (111,'12-18-2012','Alden Ayers','421-5561 Aenean St. Nanaimo BC V3A7Z1');
INSERT INTO CLIENT (CLIENT_ID,SINCE,NAME,ADDRESS) VALUES (112,'08-16-2013','Kasimir Greer','3955 At Rd. Burnaby BC V3A7Z7');
INSERT INTO CLIENT (CLIENT_ID,SINCE,NAME,ADDRESS) VALUES (113,'09-06-2013','Norman Wallace','888-6554 Aliquam Rd. Chilliwack BC V3A3S9');
INSERT INTO CLIENT (CLIENT_ID,SINCE,NAME,ADDRESS) VALUES (114,'09-21-2012','Ray Juarez','9740 Dui. Road Chilliwack BC V3A7W9');
INSERT INTO CLIENT (CLIENT_ID,SINCE,NAME,ADDRESS) VALUES (115,'10-18-2011','Maggy Chambers','2290 Pellentesque Road Chilliwack BC V3A7W9');
INSERT INTO CLIENT (CLIENT_ID,SINCE,NAME,ADDRESS) VALUES (116,'01-01-2014','Stella Middleton','486-8663 Nunc Rd. Vancouver BC V3A7W9');
INSERT INTO CLIENT (CLIENT_ID,SINCE,NAME,ADDRESS) VALUES (117,'03-28-2014','Quin Johnston','2888 Ante Rd. Surrey BC V3S7A9');
INSERT INTO CLIENT (CLIENT_ID,SINCE,NAME,ADDRESS) VALUES (118,'05-31-2009','Melodie Kramer','1103 A, St. Kelowna BC V8Q7W9');
INSERT INTO CLIENT (CLIENT_ID,SINCE,NAME,ADDRESS) VALUES (119,'12-29-2008','Hamilton Hall','903-2442 Adipiscing Street Hope BC V3Q2W9');
INSERT INTO CLIENT (CLIENT_ID,SINCE,NAME,ADDRESS) VALUES (120,'05-15-2013','Jada Kaufman','668-6560 Arcu St. Chilliwack BC V2H4R8');
INSERT INTO CLIENT (CLIENT_ID,SINCE,NAME,ADDRESS) VALUES (121,'10-20-2014','Victoria Keller','3956 Nascetur St. Surrey BC V3W5W9');
INSERT INTO CLIENT (CLIENT_ID,SINCE,NAME,ADDRESS) VALUES (122,'02-20-2014','Ursula Banks','Ap #178-8201 At Ave Chilliwack BC V3A8S9');



INSERT INTO useraddress
VALUES
('Nola Barker', '13529 87 Ave Surrey BC V3V8A2', 101, '07-23-2011', 7784521245, 'ziplord@gmail.com');
INSERT INTO useraddress
VALUES
('Quinn Martinez', '13518 48 Ave Orbit EA V3V8A2', 102, '08-25-2014', 1246851285, 'darth@vader.com');
INSERT INTO useraddress
VALUES
('Denise Terry', '88 Somewhere Ave Surrey BC V3V9B2', 103, '03-23-2000', 7724157842, 'epic@rocketmail.com');
INSERT INTO useraddress
VALUES
('Maite Boyd', '13529 87 Ave Vancouver BC V3E5A2', 104, '12-20-2005', 7784535478, 'shortyahoo@ymail.com');
INSERT INTO useraddress
VALUES
('Shay Walter', '13529 87 Ave Vancouver BC V7W8A2', 105, '11-10-2006', 7774822158, 'remember@rediff.com');
INSERT INTO useraddress
VALUES
('Melyssa Montgomery', '13529 87 Ave Kelowna BC V8A8A2', 106,  '10-15-2000', 6044521245, 'thosedays@hotmail.com');
INSERT INTO useraddress
VALUES
('Sebastian Byrd', '13529 87 Ave Hope BC V3A6A2', 107, '07-29-2003', 7297821245, 'fu@foo.com');


  INSERT INTO SERVICES (SERVICE_ID,SERVICE_Price,SERVICE_Type,SERVICE_Name) VALUES ( 01 , 49.99 , "Indoor" , "JUMPING" );     
	  INSERT INTO SERVICES (SERVICE_ID,SERVICE_Price,SERVICE_Type,SERVICE_Name) VALUES (02,149.99,"Outdoor","surfing"); 
        INSERT INTO SERVICES (SERVICE_ID,SERVICE_Price,SERVICE_Type,SERVICE_Name) VALUES (03,349.99,"outdoor","scuba"); 
          INSERT INTO SERVICES (SERVICE_ID,SERVICE_Price,SERVICE_Type,SERVICE_Name) VALUES (04,4.99,"Indoor","pool"); 

INSERT INTO QUOTE (PRICE,SERVICE_ID,QUOTE_ID,CLIENT_ID) VALUES (49.99,01,4001,101);
INSERT INTO QUOTE (PRICE,SERVICE_ID,QUOTE_ID,CLIENT_ID) VALUES (149.99,02,4002,102);
INSERT INTO QUOTE (PRICE,SERVICE_ID,QUOTE_ID,CLIENT_ID) VALUES (349.99,03,4003,103);
INSERT INTO QUOTE (PRICE,SERVICE_ID,QUOTE_ID,CLIENT_ID) VALUES (4.99,04,4004,104);
